id	krav	status	trin	rolle	afhængighed	acceptkilde
F01	Enkel Auto-Ascend	REGISTRERET_IKKE_IMPLEMENTERET	2	03_05 + 02_08	PR46/B2 først; F02/F03; alle valgbare targets	FEEDBACK/TASK_FEEDBACK_REVISION_001.txt#F01
F02	Auto-Ascend på Ascend	REGISTRERET_IKKE_IMPLEMENTERET	2	03_05 + 02_08	PR46/B2 først; cleared-Rift-trigger/persistence	FEEDBACK/TASK_FEEDBACK_REVISION_001.txt#F02
F03	Tydelig ON/OFF	REGISTRERET_IKKE_IMPLEMENTERET	2	03_05	PR46/B2 først; 44px/semantics/kontrast	FEEDBACK/TASK_FEEDBACK_REVISION_001.txt#F03
F04	Wisps er åbne, indtil deres relevante upgrades er maxed	REGISTRERET_IKKE_IMPLEMENTERET	2	03_05 + 02_08	PR46/B2 først; Mythic + Module-cap + Ultimate; ikke Empower/Resonate	FEEDBACK/TASK_FEEDBACK_REVISION_001.txt#F04
F05	Prism-beregning og forklaring	REGISTRERET_IKKE_IMPLEMENTERET	1	02_08	PR46/B2 først; fuldmotordiagnose; 5-Prism-save ukendt	FEEDBACK/TASK_FEEDBACK_REVISION_001.txt#F05
F06	Resonate forklares	REGISTRERET_IKKE_IMPLEMENTERET	2	03_05	PR46/B2 først; 25 Sigils/100 resource/3 per run	FEEDBACK/TASK_FEEDBACK_REVISION_001.txt#F06
F07	Fast Rift-layout og Guidance	REGISTRERET_IKKE_IMPLEMENTERET	2	03_05	PR46/B2 først; fast bounding box/større tekst/skjult fokus	FEEDBACK/TASK_FEEDBACK_REVISION_001.txt#F07
F08	Lab-tid i progress bar	REGISTRERET_IKKE_IMPLEMENTERET	2	03_05	PR46/B2 først; ARIA/kontrast	FEEDBACK/TASK_FEEDBACK_REVISION_001.txt#F08
F09	Én Lab-levelangivelse	REGISTRERET_IKKE_IMPLEMENTERET	2	03_05	PR46/B2 først; earned versus next effect	FEEDBACK/TASK_FEEDBACK_REVISION_001.txt#F09
F10	Ingen gentaget Lab-titel/fold-pil	REGISTRERET_IKKE_IMPLEMENTERET	2	03_05	PR46/B2 først; F11	FEEDBACK/TASK_FEEDBACK_REVISION_001.txt#F10
F11	Speed up som selvstændig kontrol	REGISTRERET_IKKE_IMPLEMENTERET	2	03_05	PR46/B2 først; tilgængeligt panel/fokus	FEEDBACK/TASK_FEEDBACK_REVISION_001.txt#F11
F12	Separat Lab queue og speed queue	REGISTRERET_IKKE_IMPLEMENTERET	2	03_05 + 02_08	PR46/B2 først; accepteret PR46-betalingskontrakt	FEEDBACK/TASK_FEEDBACK_REVISION_001.txt#F12
F13	Fjern Cast-tekst på Rift	REGISTRERET_IKKE_IMPLEMENTERET	2	03_05	PR46/B2 først; programmatisk status bevares	FEEDBACK/TASK_FEEDBACK_REVISION_001.txt#F13
F14	Formation autosave	REGISTRERET_IKKE_IMPLEMENTERET	3	02_08	PR46/B2 først; preset isolation/rebuild/pending/save	FEEDBACK/TASK_FEEDBACK_REVISION_001.txt#F14
F15	Flere Formation Bonds og reelle valg	REGISTRERET_IKKE_IMPLEMENTERET	3	00 + 02_08	PR46/B2 først; F17/F18/F29; indhold/design	FEEDBACK/TASK_FEEDBACK_REVISION_001.txt#F15
F16	Bond-partnere ét sted	REGISTRERET_IKKE_IMPLEMENTERET	2	03_05	PR46/B2 først; autoritative Bonds bevares	FEEDBACK/TASK_FEEDBACK_REVISION_001.txt#F16
F17	Synlig rollefordeling, mindre Titan-afhængighed	REGISTRERET_IKKE_IMPLEMENTERET	3	00 + 02_08	PR46/B2 først; equal budget; Titan-save ukendt; marginal værdi	FEEDBACK/TASK_FEEDBACK_REVISION_001.txt#F17
F18	Sværere permanent Tide/Aurora boost	REGISTRERET_IKKE_IMPLEMENTERET	3	00 + 02_08	PR46/B2 først; duration/cycle/uptime; F19	FEEDBACK/TASK_FEEDBACK_REVISION_001.txt#F18
F19	Swift Recovery har et rigtigt cap	REGISTRERET_IKKE_IMPLEMENTERET	3	00 + 02_08	PR46/B2 først; F18; cap/mincycle + legacy-design	FEEDBACK/TASK_FEEDBACK_REVISION_001.txt#F19
F20	Echoing Rest stopper ved faktisk effektloft	REGISTRERET_IKKE_IMPLEMENTERET	1	02_08	PR46/B2 først; cap6; legacy-value/idempotens	FEEDBACK/TASK_FEEDBACK_REVISION_001.txt#F20
F21	Cheaper Bonds forklares og capper	REGISTRERET_IKKE_IMPLEMENTERET	1	02_08	PR46/B2 først; cap20; recruit-rabat + legacy-value	FEEDBACK/TASK_FEEDBACK_REVISION_001.txt#F21
F22	Save Backup ved Reset Save	REGISTRERET_IKKE_IMPLEMENTERET	2	03_05 + 01_06	PR46/B2 først; backup/restore/reset-kontrakt	FEEDBACK/TASK_FEEDBACK_REVISION_001.txt#F22
F23	Fjern No level cap-tekst fra Forge	REGISTRERET_IKKE_IMPLEMENTERET	2	03_05	PR46/B2 først; F19	FEEDBACK/TASK_FEEDBACK_REVISION_001.txt#F23
F24	Deed-cosmetics er synlige på Rift	REGISTRERET_IKKE_IMPLEMENTERET	2	03_05	PR46/B2 først; unlocked/selected/reduced motion	FEEDBACK/TASK_FEEDBACK_REVISION_001.txt#F24
F25	Loadout Memory er indbygget	REGISTRERET_IKKE_IMPLEMENTERET	4	02_08 + 01_06	PR46/B2 først; legacy Comet-værdi; F14 separat	FEEDBACK/TASK_FEEDBACK_REVISION_001.txt#F25
F26	Præcis 12 timers offline-cap for alle	REGISTRERET_IKKE_IMPLEMENTERET	4	02_08 + 01_06	PR46/B2 først; alle produktive offlineveje12h; flags/value/last processed	FEEDBACK/TASK_FEEDBACK_REVISION_001.txt#F26
F27	Nye Comet-eksklusive unlocks	REGISTRERET_IKKE_IMPLEMENTERET	4	00 + 02_08 + 03_05	PR46/B2 først; F25/F26/F29; eksklusive effekter	FEEDBACK/TASK_FEEDBACK_REVISION_001.txt#F27
F28	Sammenhængende kurve for hele spillet	REGISTRERET_IKKE_IMPLEMENTERET	4	00 + 02_08	PR46/B2 først; F29 før tuning; TTK/ROI/Ascend/time	FEEDBACK/TASK_FEEDBACK_REVISION_001.txt#F28
F29	Lab, Forge og Tree har hver sin identitet	REGISTRERET_IKKE_IMPLEMENTERET	4	00 + 02_08	PR46/B2 først; effekt/currency-matrix; ownership/værdi	FEEDBACK/TASK_FEEDBACK_REVISION_001.txt#F29
