id,name,completed_level,next_level,lumen,shards,nominal_work_seconds,work_with_inquiry_10,purchase_allowed
wispascend,"Wisp Ascendancy",0,1,800,80,180,144,true
wispascend,"Wisp Ascendancy",1,2,1440,144,288,230,true
wispascend,"Wisp Ascendancy",5,6,15117,1512,1887,1510,true
wispascend,"Wisp Ascendancy",10,11,285637,28564,19791,15833,true
guardmastery,"Guardian's Mastery",0,1,600,40,150,120,true
guardmastery,"Guardian's Mastery",1,2,1080,72,240,192,true
guardmastery,"Guardian's Mastery",5,6,11337,756,1573,1258,true
guardmastery,"Guardian's Mastery",10,11,214228,14282,16493,13194,true
riftattune,"Rift Attunement",0,1,500,100,240,192,true
riftattune,"Rift Attunement",1,2,900,180,384,307,true
riftattune,"Rift Attunement",5,6,9448,1890,2517,2014,true
riftattune,"Rift Attunement",10,11,178523,35705,26388,21110,true
shardstudy,"Shard Attunement",0,1,400,150,200,160,true
shardstudy,"Shard Attunement",1,2,720,270,320,256,true
shardstudy,"Shard Attunement",5,6,7558,2834,2097,1678,true
shardstudy,"Shard Attunement",10,11,142819,53557,21990,17592,true
lumenstudy,"Lumen Wellspring",0,1,1400,120,260,208,true
lumenstudy,"Lumen Wellspring",1,2,2520,216,416,333,true
lumenstudy,"Lumen Wellspring",5,6,26454,2267,2726,2181,true
lumenstudy,"Lumen Wellspring",10,11,499865,42846,28587,22870,true
formationstudy,"Formation Insight",0,1,2200,220,320,256,true
formationstudy,"Formation Insight",1,2,3960,396,512,410,true
formationstudy,"Formation Insight",5,6,41570,4157,3355,2684,true
formationstudy,"Formation Insight",10,11,785503,78550,35184,28147,true
motestudy,"Luminous Sense",0,1,3200,320,380,304,true
motestudy,"Luminous Sense",1,2,5760,576,608,486,true
motestudy,"Luminous Sense",5,6,60466,6047,3985,3188,true
motestudy,"Luminous Sense",10,11,1142550,114255,41781,33425,true
prismstudy,"Ascendant Clarity",0,1,4800,480,450,360,true
prismstudy,"Ascendant Clarity",1,2,8640,864,720,576,true
prismstudy,"Ascendant Clarity",5,6,90699,9070,4719,3775,true
prismstudy,"Ascendant Clarity",10,11,1713824,171382,49478,39582,true
measuredinquiry,"Measured Inquiry",0,1,30000,1200,600,600,true
measuredinquiry,"Measured Inquiry",1,2,54000,2160,960,960,true
measuredinquiry,"Measured Inquiry",5,6,566870,22675,6291,6291,true
measuredinquiry,"Measured Inquiry",10,11,10711402,428456,65971,65971,false
